-- phpMyAdmin SQL Dump
-- version 5.2.1
-- https://www.phpmyadmin.net/
--
-- Host: 127.0.0.1
-- Generation Time: Mar 24, 2025 at 10:27 AM
-- Server version: 10.4.32-MariaDB
-- PHP Version: 8.2.12

SET SQL_MODE = "NO_AUTO_VALUE_ON_ZERO";
START TRANSACTION;
SET time_zone = "+00:00";


/*!40101 SET @OLD_CHARACTER_SET_CLIENT=@@CHARACTER_SET_CLIENT */;
/*!40101 SET @OLD_CHARACTER_SET_RESULTS=@@CHARACTER_SET_RESULTS */;
/*!40101 SET @OLD_COLLATION_CONNECTION=@@COLLATION_CONNECTION */;
/*!40101 SET NAMES utf8mb4 */;

--
-- Database: `rdlstarwebapp`
--

-- --------------------------------------------------------

--
-- Table structure for table `all_times`
--

CREATE TABLE `all_times` (
  `id` int(11) NOT NULL,
  `time` time NOT NULL,
  `time_string` double DEFAULT NULL,
  `status` varchar(20) NOT NULL,
  `addeddate` date DEFAULT NULL,
  `modifieddate` date DEFAULT NULL
) ENGINE=InnoDB DEFAULT CHARSET=utf8 COLLATE=utf8_general_ci;

--
-- Dumping data for table `all_times`
--

INSERT INTO `all_times` (`id`, `time`, `time_string`, `status`, `addeddate`, `modifieddate`) VALUES
(62, '09:00:00', 1658979000, '1', NULL, NULL),
(63, '09:15:00', 1658979900, '1', NULL, NULL),
(64, '09:30:00', 1658980800, '1', NULL, NULL),
(65, '09:45:00', 1658981700, '1', NULL, NULL),
(66, '10:00:00', 1658982600, '1', NULL, NULL),
(67, '10:15:00', 1658983500, '1', NULL, NULL),
(68, '10:30:00', 1658984400, '1', NULL, NULL),
(69, '10:45:00', 1658985300, '1', NULL, NULL),
(70, '11:00:00', 1658986200, '1', NULL, NULL),
(71, '11:15:00', 1658987100, '1', NULL, NULL),
(72, '11:30:00', 1658988000, '1', NULL, NULL),
(73, '11:45:00', 1658988900, '1', NULL, NULL),
(74, '12:00:00', 1658989800, '1', NULL, NULL),
(75, '12:15:00', 1658990700, '1', NULL, NULL),
(76, '12:30:00', 1658991600, '1', NULL, NULL),
(77, '12:45:00', 1658992500, '1', NULL, NULL),
(78, '13:00:00', 1658993400, '1', NULL, NULL),
(79, '13:15:00', 1658994300, '1', NULL, NULL),
(80, '13:45:00', 1658996100, '1', NULL, NULL),
(81, '14:00:00', 1658997000, '1', NULL, NULL),
(82, '14:15:00', 1658997900, '1', NULL, NULL),
(83, '14:30:00', 1658998800, '1', NULL, NULL),
(84, '14:45:00', 1658999700, '1', NULL, NULL),
(85, '15:00:00', 1659000600, '1', NULL, NULL),
(86, '15:15:00', 1659001500, '1', NULL, NULL),
(87, '15:30:00', 1659002400, '1', NULL, NULL),
(88, '15:45:00', 1659003300, '1', NULL, NULL),
(89, '16:00:00', 1659004200, '1', NULL, NULL),
(90, '16:15:00', 1659005100, '1', NULL, NULL),
(91, '16:30:00', 1659006000, '1', NULL, NULL),
(92, '16:45:00', 1659006900, '1', NULL, NULL),
(93, '17:00:00', 1659007800, '1', NULL, NULL),
(94, '17:15:00', 1659008700, '1', NULL, NULL),
(95, '17:45:00', 1659010500, '1', NULL, NULL),
(96, '18:00:00', 1659011400, '1', NULL, NULL),
(97, '18:15:00', 1659012300, '1', NULL, NULL),
(98, '18:30:00', 1659013200, '1', NULL, NULL),
(99, '18:45:00', 1659014100, '1', NULL, NULL),
(100, '19:00:00', 1659015000, '1', NULL, NULL),
(101, '19:15:00', 1659015900, '1', NULL, NULL),
(102, '19:30:00', 1659016800, '1', NULL, NULL),
(103, '19:45:00', 1659017700, '1', NULL, NULL),
(104, '20:00:00', 1659018600, '1', NULL, NULL),
(105, '20:15:00', 1659019500, '1', NULL, NULL),
(106, '20:30:00', 1659020400, '1', NULL, NULL),
(107, '20:45:00', 1659021300, '1', NULL, NULL),
(108, '21:00:00', 1659022200, '1', NULL, NULL),
(125, '17:30:00', 1659009600, '1', NULL, NULL),
(126, '13:30:00', 1658995200, '1', NULL, NULL),
(127, '08:00:00', 1658975400, '1', NULL, NULL),
(128, '21:15:00', 1673451900, '1', NULL, NULL),
(129, '21:30:00', 1673452800, '1', NULL, NULL),
(130, '21:45:00', 1673453700, '1', NULL, NULL),
(131, '22:00:00', 1673454600, '1', NULL, NULL),
(132, '22:15:00', 1673455500, '1', NULL, NULL),
(133, '22:30:00', 1673456400, '1', NULL, NULL),
(134, '22:45:00', 1673457300, '1', NULL, NULL),
(135, '23:00:00', 1673458200, '1', NULL, NULL),
(136, '23:15:00', 1673459100, '1', NULL, NULL),
(137, '23:30:00', 1673460000, '1', NULL, NULL),
(138, '23:45:00', 1673460900, '1', NULL, NULL),
(142, '00:00:00', 1673375400, '1', NULL, NULL),
(143, '00:15:00', 1673376300, '1', NULL, NULL),
(144, '00:30:00', 1673377200, '1', NULL, NULL),
(145, '00:45:00', 1673378100, '1', NULL, NULL),
(146, '01:00:00', 1673379000, '1', NULL, NULL),
(147, '01:15:00', 1673379900, '1', NULL, NULL),
(148, '01:30:00', 1673380800, '1', NULL, NULL),
(149, '01:45:00', 1673381700, '1', NULL, NULL),
(150, '02:00:00', 1673382600, '1', NULL, NULL),
(151, '02:15:00', 1673383500, '1', NULL, NULL),
(152, '02:30:00', 1673384400, '1', NULL, NULL),
(153, '02:45:00', 1673385300, '1', NULL, NULL),
(154, '03:00:00', 1673386200, '1', NULL, NULL),
(155, '03:15:00', 1673387100, '1', NULL, NULL),
(156, '03:30:00', 1673388000, '1', NULL, NULL),
(157, '03:45:00', 1673388900, '1', NULL, NULL),
(158, '04:00:00', 1673389800, '1', NULL, NULL),
(159, '04:15:00', 1673390700, '1', NULL, NULL),
(160, '04:30:00', 1673391600, '1', NULL, NULL),
(161, '04:45:00', 1673392500, '1', NULL, NULL),
(162, '05:00:00', 1673393400, '1', NULL, NULL),
(163, '05:15:00', 1673394300, '1', NULL, NULL),
(164, '05:30:00', 1673395200, '1', NULL, NULL),
(165, '05:45:00', 1673396100, '1', NULL, NULL),
(166, '06:00:00', 1673397000, '1', NULL, NULL),
(167, '06:15:00', 1673397900, '1', NULL, NULL),
(168, '06:30:00', 1673398800, '1', NULL, NULL),
(169, '06:45:00', 1673399700, '1', NULL, NULL),
(170, '07:00:00', 1673400600, '1', NULL, NULL),
(171, '07:15:00', 1673401500, '1', NULL, NULL),
(172, '07:30:00', 1673402400, '1', NULL, NULL),
(173, '07:45:00', 1673403300, '1', NULL, NULL),
(174, '08:15:00', 1673405100, '1', NULL, NULL),
(175, '08:30:00', 1673406000, '1', NULL, NULL),
(176, '08:45:00', 1673406900, '1', NULL, NULL);

-- --------------------------------------------------------

--
-- Table structure for table `contact`
--

CREATE TABLE `contact` (
  `id` int(11) NOT NULL,
  `user_id` int(11) NOT NULL,
  `name` text NOT NULL,
  `email` text NOT NULL,
  `mobile` text NOT NULL,
  `subject` text NOT NULL,
  `message` text NOT NULL,
  `addeddate` datetime NOT NULL
) ENGINE=InnoDB DEFAULT CHARSET=utf8mb4 COLLATE=utf8mb4_unicode_ci;

-- --------------------------------------------------------

--
-- Table structure for table `content`
--

CREATE TABLE `content` (
  `id` int(11) NOT NULL,
  `name` text NOT NULL,
  `content` blob NOT NULL
) ENGINE=InnoDB DEFAULT CHARSET=utf8mb4 COLLATE=utf8mb4_unicode_ci;

--
-- Dumping data for table `content`
--

INSERT INTO `content` (`id`, `name`, `content`) VALUES
(1, 'About Us', 0x3c6835207374796c653d226f75746c696e653a206e6f6e653b202d7765626b69742d666f6e742d736d6f6f7468696e673a20616e7469616c69617365643b206c696e652d6865696768743a20312e333338313b20666f6e742d73697a653a20323470783b20636f6c6f723a2072676228302c20302c2030293b20666f6e742d66616d696c793a2045786f2c2073616e732d73657269663b20746578742d616c69676e3a2063656e7465723b206261636b67726f756e642d636f6c6f723a20726762283232312c203231362c20323136293b223e41626f75742055733c2f68353e3c70207374796c653d226f75746c696e653a206e6f6e653b202d7765626b69742d666f6e742d736d6f6f7468696e673a20616e7469616c69617365643b206d617267696e2d626f74746f6d3a20313070783b2068797068656e733a206175746f3b20776f72642d627265616b3a20627265616b2d776f72643b20666f6e742d73697a653a20313570783b20666f6e742d7765696768743a203730303b20666f6e742d66616d696c793a2045786f2c2073616e732d73657269663b206261636b67726f756e642d636f6c6f723a20726762283232312c203231362c20323136293b223e312e2054686520636f6d70616e792077696c6c207265737065637420796f757220776f726b20616e64207374617920636f6e6e656374207769746820796f752061732061207472756520667269656e642e3c6272207374796c653d226f75746c696e653a206e6f6e653b202d7765626b69742d666f6e742d736d6f6f7468696e673a20616e7469616c69617365643b223e322e20596f752063616e206a6f696e2074686520636f6d70616e7920776974686f7574207468696e6b696e672074686520636f6d70616e792077696c6c206e6f7420646f20616e79206672617564756c656e7420776f726b20776974682e3c6272207374796c653d226f75746c696e653a206e6f6e653b202d7765626b69742d666f6e742d736d6f6f7468696e673a20616e7469616c69617365643b223e332e2054686520776f726b206f662074686520636f6d70616e7920686173206265656e20676f696e67206f6e20666f72206d616e7920796561727320616e64206d616e7920637573746f6d657273206c696b6520796f7520617265206173736f63696174656420776974682055732e3c2f703e),
(2, 'Privacy Policy', 0x3c6835207374796c653d226f75746c696e653a206e6f6e653b202d7765626b69742d666f6e742d736d6f6f7468696e673a20616e7469616c69617365643b206c696e652d6865696768743a20312e333338313b20666f6e742d73697a653a20323470783b20636f6c6f723a2072676228302c20302c2030293b20666f6e742d66616d696c793a2045786f2c2073616e732d73657269663b20746578742d616c69676e3a2063656e7465723b206261636b67726f756e642d636f6c6f723a20726762283232312c203231362c20323136293b223e5072697661637920506f6c6963793c2f68353e3c70207374796c653d226f75746c696e653a206e6f6e653b202d7765626b69742d666f6e742d736d6f6f7468696e673a20616e7469616c69617365643b206d617267696e2d626f74746f6d3a20313070783b2068797068656e733a206175746f3b20776f72642d627265616b3a20627265616b2d776f72643b20666f6e742d73697a653a20313570783b20666f6e742d7765696768743a203730303b20666f6e742d66616d696c793a2045786f2c2073616e732d73657269663b206261636b67726f756e642d636f6c6f723a20726762283232312c203231362c20323136293b223e312e2054686520636f6d70616e792077696c6c207265737065637420796f757220776f726b20616e64207374617920636f6e6e656374207769746820796f752061732061207472756520667269656e642e3c6272207374796c653d226f75746c696e653a206e6f6e653b202d7765626b69742d666f6e742d736d6f6f7468696e673a20616e7469616c69617365643b223e322e20596f752063616e206a6f696e2074686520636f6d70616e7920776974686f7574207468696e6b696e672074686520636f6d70616e792077696c6c206e6f7420646f20616e79206672617564756c656e7420776f726b20776974682e3c6272207374796c653d226f75746c696e653a206e6f6e653b202d7765626b69742d666f6e742d736d6f6f7468696e673a20616e7469616c69617365643b223e332e2054686520776f726b206f662074686520636f6d70616e7920686173206265656e20676f696e67206f6e20666f72206d616e7920796561727320616e64206d616e7920637573746f6d657273206c696b6520796f7520617265206173736f63696174656420776974682055732e3c2f703e),
(3, 'How To Play', 0x3c6835207374796c653d226f75746c696e653a206e6f6e653b202d7765626b69742d666f6e742d736d6f6f7468696e673a20616e7469616c69617365643b206c696e652d6865696768743a20312e333338313b20666f6e742d73697a653a20323470783b20636f6c6f723a2072676228302c20302c2030293b20666f6e742d66616d696c793a2045786f2c2073616e732d73657269663b20746578742d616c69676e3a2063656e7465723b206261636b67726f756e642d636f6c6f723a20726762283232312c203231362c20323136293b223e486f7720546f20506c61793c2f68353e3c70207374796c653d226f75746c696e653a206e6f6e653b202d7765626b69742d666f6e742d736d6f6f7468696e673a20616e7469616c69617365643b206d617267696e2d626f74746f6d3a20313070783b2068797068656e733a206175746f3b20776f72642d627265616b3a20627265616b2d776f72643b20666f6e742d73697a653a20313570783b20666f6e742d7765696768743a203730303b20666f6e742d66616d696c793a2045786f2c2073616e732d73657269663b206261636b67726f756e642d636f6c6f723a20726762283232312c203231362c20323136293b223e4d696e696d756d204465706f736974203130302e3c6272207374796c653d226f75746c696e653a206e6f6e653b202d7765626b69742d666f6e742d736d6f6f7468696e673a20616e7469616c69617365643b223e4d696e696d756d207769746864726177616c20e282b93530302e3c6272207374796c653d226f75746c696e653a206e6f6e653b202d7765626b69742d666f6e742d736d6f6f7468696e673a20616e7469616c69617365643b223e4d6178696d756d2077697468647261772031306c616b6820706572206461792e2057696e6e696e6720616e6420636f6d6d697373696f6e20706f696e74732063616e206265207769746864726177202e3c6272207374796c653d226f75746c696e653a206e6f6e653b202d7765626b69742d666f6e742d736d6f6f7468696e673a20616e7469616c69617365643b223e54776f2074696d6520776974686472617720706572206461792e3c6272207374796c653d226f75746c696e653a206e6f6e653b202d7765626b69742d666f6e742d736d6f6f7468696e673a20616e7469616c69617365643b223e4a6f64692072617465203130206b61203935302e3c6272207374796c653d226f75746c696e653a206e6f6e653b202d7765626b69742d666f6e742d736d6f6f7468696e673a20616e7469616c69617365643b223e4861727566207261746520313030206b61203935302e3c6272207374796c653d226f75746c696e653a206e6f6e653b202d7765626b69742d666f6e742d736d6f6f7468696e673a20616e7469616c69617365643b223e4170702052656666657220616d6f756e7420e282b931303020706f696e7473207065722072656665722e20526566657272656420706572736f6e20616c736f2067657420e282b931303020706f696e74732e3c6272207374796c653d226f75746c696e653a206e6f6e653b202d7765626b69742d666f6e742d736d6f6f7468696e673a20616e7469616c69617365643b223e3c2f703e3c70207374796c653d226f75746c696e653a206e6f6e653b202d7765626b69742d666f6e742d736d6f6f7468696e673a20616e7469616c69617365643b206d617267696e2d626f74746f6d3a20313070783b2068797068656e733a206175746f3b20776f72642d627265616b3a20627265616b2d776f72643b20666f6e742d73697a653a20313570783b20666f6e742d7765696768743a203730303b20666f6e742d66616d696c793a2045786f2c2073616e732d73657269663b206261636b67726f756e642d636f6c6f723a20726762283232312c203231362c20323136293b223ee0a4a8e0a58de0a4afe0a582e0a4a8e0a4a4e0a4ae20e0a49ce0a4aee0a4be203130302e3c6272207374796c653d226f75746c696e653a206e6f6e653b202d7765626b69742d666f6e742d736d6f6f7468696e673a20616e7469616c69617365643b223ee0a4a8e0a58de0a4afe0a582e0a4a8e0a4a4e0a4ae20e0a4a8e0a4bfe0a495e0a4bee0a4b8e0a58020e282b9353030202e3c6272207374796c653d226f75746c696e653a206e6f6e653b202d7765626b69742d666f6e742d736d6f6f7468696e673a20616e7469616c69617365643b223ee0a4aae0a58de0a4b0e0a4a4e0a4bf20e0a4a6e0a4bfe0a4a820e0a485e0a4a7e0a4bfe0a495e0a4a4e0a4ae20313020e0a4b2e0a4bee0a49620e0a4a8e0a4bfe0a495e0a4bee0a4b2e0a587e0a4822e3c6272207374796c653d226f75746c696e653a206e6f6e653b202d7765626b69742d666f6e742d736d6f6f7468696e673a20616e7469616c69617365643b223ee0a49ce0a580e0a4a420e0a494e0a4b020e0a495e0a4aee0a580e0a4b6e0a4a820e0a485e0a482e0a49520e0a4b5e0a4bee0a4aae0a4b820e0a4b2e0a4bfe0a48f20e0a49ce0a4be20e0a4b8e0a495e0a4a4e0a58720e0a4b9e0a588e0a482e0a5a43c6272207374796c653d226f75746c696e653a206e6f6e653b202d7765626b69742d666f6e742d736d6f6f7468696e673a20616e7469616c69617365643b223ee0a4aae0a58de0a4b0e0a4a4e0a4bf20e0a4a6e0a4bfe0a4a820e0a4a6e0a58b20e0a4ace0a4bee0a4b020e0a4a8e0a4bfe0a495e0a4bee0a4b8e0a580202e3c6272207374796c653d226f75746c696e653a206e6f6e653b202d7765626b69742d666f6e742d736d6f6f7468696e673a20616e7469616c69617365643b223ee0a49ce0a58be0a4a1e0a4bce0a58020e0a4b0e0a587e0a49f20313020e0a495e0a4be203935302e3c6272207374796c653d226f75746c696e653a206e6f6e653b202d7765626b69742d666f6e742d736d6f6f7468696e673a20616e7469616c69617365643b223ee0a4b9e0a4b0e0a581e0a4abe0a4bc20e0a4a6e0a4b02031303020e0a495e0a4be203935302e3c6272207374796c653d226f75746c696e653a206e6f6e653b202d7765626b69742d666f6e742d736d6f6f7468696e673a20616e7469616c69617365643b223ee0a490e0a4aa20e0a4b0e0a587e0a4abe0a4bce0a4b020e0a4b0e0a4bee0a4b6e0a4bf20e282b931303020e0a485e0a482e0a49520e0a4aae0a58de0a4b0e0a4a4e0a4bf20e0a4b0e0a587e0a4abe0a4bce0a4b0e0a5a43c6272207374796c653d226f75746c696e653a206e6f6e653b202d7765626b69742d666f6e742d736d6f6f7468696e673a20616e7469616c69617365643b223ee0a4b0e0a587e0a4abe0a4b020e0a495e0a4bfe0a48f20e0a497e0a48f20e0a4b5e0a58de0a4afe0a495e0a58de0a4a4e0a4bf20e0a495e0a58b20e282b931303020e0a485e0a482e0a49520e0a4ade0a58020e0a4aee0a4bfe0a4b2e0a4a4e0a58720e0a4b9e0a588e0a4822e3c6272207374796c653d226f75746c696e653a206e6f6e653b202d7765626b69742d666f6e742d736d6f6f7468696e673a20616e7469616c69617365643b223e3c2f703e3c70207374796c653d226f75746c696e653a206e6f6e653b202d7765626b69742d666f6e742d736d6f6f7468696e673a20616e7469616c69617365643b206d617267696e2d626f74746f6d3a20313070783b2068797068656e733a206175746f3b20776f72642d627265616b3a20627265616b2d776f72643b20666f6e742d73697a653a20313570783b20666f6e742d7765696768743a203730303b20666f6e742d66616d696c793a2045786f2c2073616e732d73657269663b206261636b67726f756e642d636f6c6f723a20726762283232312c203231362c20323136293b223e5761746368206f757220766964656f20746f2067657420636c61726974792061626f757420686f772067616d6520776f726b732e3c2f703e),
(4, 'Home Note', 0x3c703e3c7370616e207374796c653d22636f6c6f723a20726762283235352c203235352c20323535293b20666f6e742d66616d696c793a2045786f2c2073616e732d73657269663b20666f6e742d73697a653a20313670783b20666f6e742d7765696768743a203630303b20746578742d616c69676e3a2063656e7465723b206261636b67726f756e642d636f6c6f723a207267622839312c20312c2030293b223e4e4f54453c2f7370616e3e3c6272207374796c653d226f75746c696e653a206e6f6e653b202d7765626b69742d666f6e742d736d6f6f7468696e673a20616e7469616c69617365643b20636f6c6f723a20726762283235352c203235352c20323535293b20666f6e742d66616d696c793a2045786f2c2073616e732d73657269663b20666f6e742d73697a653a20313670783b20666f6e742d7765696768743a203630303b20746578742d616c69676e3a2063656e7465723b206261636b67726f756e642d636f6c6f723a207267622839312c20312c2030293b223e3c7370616e207374796c653d22636f6c6f723a20726762283235352c203235352c20323535293b20666f6e742d66616d696c793a2045786f2c2073616e732d73657269663b20666f6e742d73697a653a20313670783b20666f6e742d7765696768743a203630303b20746578742d616c69676e3a2063656e7465723b206261636b67726f756e642d636f6c6f723a207267622839312c20312c2030293b223ef09f918920e0a4ace0a4bfe0a482e0a4a6e0a4bee0a4b820e0a4b9e0a58be0a495e0a58720e0a496e0a587e0a4b2e0a58b20e0a4ade0a4bee0a488e0a4afe0a58b20f09f918920e0a4b8e0a4ace0a4b8e0a58720e0a4abe0a4bee0a4b8e0a58de0a49f20e0a4aae0a587e0a4aee0a587e0a482e0a49f20e0a4aee0a4bfe0a4b2e0a4a4e0a58020e0a4b9e0a58820f09f918920e0a495e0a58be0a48820e0a4ade0a58020e0a497e0a587e0a4ae20e0a495e0a4ade0a58020e0a4ade0a58020e0a4b2e0a497e0a4bee0a49320e0a491e0a49fe0a58be0a4aee0a588e0a49fe0a4bfe0a49520e0a4b8e0a4bfe0a4b8e0a58de0a49fe0a4ae20e0a4b9e0a58820e0a4b0e0a587e0a49f203130e0a495e0a5872039353020e0a4aee0a4bfe0a4b2e0a4a4e0a58720e0a4b9e0a588e0a4823c2f7370616e3e3c6272207374796c653d226f75746c696e653a206e6f6e653b202d7765626b69742d666f6e742d736d6f6f7468696e673a20616e7469616c69617365643b20636f6c6f723a20726762283235352c203235352c20323535293b20666f6e742d66616d696c793a2045786f2c2073616e732d73657269663b20666f6e742d73697a653a20313670783b20666f6e742d7765696768743a203630303b20746578742d616c69676e3a2063656e7465723b206261636b67726f756e642d636f6c6f723a207267622839312c20312c2030293b223e3c7370616e207374796c653d22636f6c6f723a20726762283235352c203235352c20323535293b20666f6e742d66616d696c793a2045786f2c2073616e732d73657269663b20666f6e742d73697a653a20313670783b20666f6e742d7765696768743a203630303b20746578742d616c69676e3a2063656e7465723b206261636b67726f756e642d636f6c6f723a207267622839312c20312c2030293b223ef09f998f20e0a49ce0a4af20e0a4ace0a4bee0a4ace0a4be20e0a4b8e0a4bee0a497e0a4b0e0a4a8e0a4bee0a4a520e0a485e0a498e0a58be0a4b0e0a58020e0a495e0a58020f09f998f3c2f7370616e3e3c2f703e),
(5, 'Headline', 0x52444c20524553554c54),
(6, 'Box 1', 0x3c703e3c7370616e207374796c653d22636f6c6f723a20726762283235352c203235352c20323535293b20666f6e742d66616d696c793a2045786f2c2073616e732d73657269663b20666f6e742d73697a653a20313570783b20666f6e742d7765696768743a203630303b20746578742d616c69676e3a2063656e7465723b206261636b67726f756e642d636f6c6f723a207267622839312c20312c2030293b223e474f41204b494e472048454c502026616d703b20535550504f52543c2f7370616e3e3c6272207374796c653d226f75746c696e653a206e6f6e653b202d7765626b69742d666f6e742d736d6f6f7468696e673a20616e7469616c69617365643b20636f6c6f723a20726762283235352c203235352c20323535293b20666f6e742d66616d696c793a2045786f2c2073616e732d73657269663b20666f6e742d73697a653a20313570783b20666f6e742d7765696768743a203630303b20746578742d616c69676e3a2063656e7465723b206261636b67726f756e642d636f6c6f723a207267622839312c20312c2030293b223e3c7370616e207374796c653d22636f6c6f723a20726762283235352c203235352c20323535293b20666f6e742d66616d696c793a2045786f2c2073616e732d73657269663b20666f6e742d73697a653a20313570783b20666f6e742d7765696768743a203630303b20746578742d616c69676e3a2063656e7465723b206261636b67726f756e642d636f6c6f723a207267622839312c20312c2030293b223ef09f9189204441524b204d4f444520e0a4aee0a58820e0a48fe0a4aae0a58de0a4b2e0a4bfe0a495e0a587e0a4b6e0a4a820e0a4afe0a582e0a49c20e0a4a820e0a495e0a4b0e0a587f09f91893c2f7370616e3e3c6272207374796c653d226f75746c696e653a206e6f6e653b202d7765626b69742d666f6e742d736d6f6f7468696e673a20616e7469616c69617365643b20636f6c6f723a20726762283235352c203235352c20323535293b20666f6e742d66616d696c793a2045786f2c2073616e732d73657269663b20666f6e742d73697a653a20313570783b20666f6e742d7765696768743a203630303b20746578742d616c69676e3a2063656e7465723b206261636b67726f756e642d636f6c6f723a207267622839312c20312c2030293b223e3c7370616e207374796c653d22636f6c6f723a20726762283235352c203235352c20323535293b20666f6e742d66616d696c793a2045786f2c2073616e732d73657269663b20666f6e742d73697a653a20313570783b20666f6e742d7765696768743a203630303b20746578742d616c69676e3a2063656e7465723b206261636b67726f756e642d636f6c6f723a207267622839312c20312c2030293b223ef09f9189204d696e204465706f7369743a2052732e2031303020f09f91893c2f7370616e3e3c6272207374796c653d226f75746c696e653a206e6f6e653b202d7765626b69742d666f6e742d736d6f6f7468696e673a20616e7469616c69617365643b20636f6c6f723a20726762283235352c203235352c20323535293b20666f6e742d66616d696c793a2045786f2c2073616e732d73657269663b20666f6e742d73697a653a20313570783b20666f6e742d7765696768743a203630303b20746578742d616c69676e3a2063656e7465723b206261636b67726f756e642d636f6c6f723a207267622839312c20312c2030293b223e3c7370616e207374796c653d22636f6c6f723a20726762283235352c203235352c20323535293b20666f6e742d66616d696c793a2045786f2c2073616e732d73657269663b20666f6e742d73697a653a20313570783b20666f6e742d7765696768743a203630303b20746578742d616c69676e3a2063656e7465723b206261636b67726f756e642d636f6c6f723a207267622839312c20312c2030293b223ef09f9189204d696e2057697468647261773a2052732e2034373520f09f91893c2f7370616e3e3c6272207374796c653d226f75746c696e653a206e6f6e653b202d7765626b69742d666f6e742d736d6f6f7468696e673a20616e7469616c69617365643b20636f6c6f723a20726762283235352c203235352c20323535293b20666f6e742d66616d696c793a2045786f2c2073616e732d73657269663b20666f6e742d73697a653a20313570783b20666f6e742d7765696768743a203630303b20746578742d616c69676e3a2063656e7465723b206261636b67726f756e642d636f6c6f723a207267622839312c20312c2030293b223e3c7370616e207374796c653d22636f6c6f723a20726762283235352c203235352c20323535293b20666f6e742d66616d696c793a2045786f2c2073616e732d73657269663b20666f6e742d73697a653a20313570783b20666f6e742d7765696768743a203630303b20746578742d616c69676e3a2063656e7465723b206261636b67726f756e642d636f6c6f723a207267622839312c20312c2030293b223ef09f918920e0a4b0e0a587e0a49f20313020e0a495e0a5872039353020f09f91893c2f7370616e3e3c6272207374796c653d226f75746c696e653a206e6f6e653b202d7765626b69742d666f6e742d736d6f6f7468696e673a20616e7469616c69617365643b20636f6c6f723a20726762283235352c203235352c20323535293b20666f6e742d66616d696c793a2045786f2c2073616e732d73657269663b20666f6e742d73697a653a20313570783b20666f6e742d7765696768743a203630303b20746578742d616c69676e3a2063656e7465723b206261636b67726f756e642d636f6c6f723a207267622839312c20312c2030293b223e3c7370616e207374796c653d22636f6c6f723a20726762283235352c203235352c20323535293b20666f6e742d66616d696c793a2045786f2c2073616e732d73657269663b20666f6e742d73697a653a20313570783b20666f6e742d7765696768743a203630303b20746578742d616c69676e3a2063656e7465723b206261636b67726f756e642d636f6c6f723a207267622839312c20312c2030293b223ef09f918920e0a4ade0a4b0e0a58be0a4b8e0a58720e0a495e0a4be20e0a48fe0a49520e0a4b9e0a58020e0a4a8e0a4bee0a4ae20f09f91893c2f7370616e3e3c6272207374796c653d226f75746c696e653a206e6f6e653b202d7765626b69742d666f6e742d736d6f6f7468696e673a20616e7469616c69617365643b20636f6c6f723a20726762283235352c203235352c20323535293b20666f6e742d66616d696c793a2045786f2c2073616e732d73657269663b20666f6e742d73697a653a20313570783b20666f6e742d7765696768743a203630303b20746578742d616c69676e3a2063656e7465723b206261636b67726f756e642d636f6c6f723a207267622839312c20312c2030293b223e3c7370616e207374796c653d22636f6c6f723a20726762283235352c203235352c20323535293b20666f6e742d66616d696c793a2045786f2c2073616e732d73657269663b20666f6e742d73697a653a20313570783b20666f6e742d7765696768743a203630303b20746578742d616c69676e3a2063656e7465723b206261636b67726f756e642d636f6c6f723a207267622839312c20312c2030293b223ef09f918920474f414b494e4720f09f91893c2f7370616e3e3c2f703e),
(7, 'Box 2', 0x3c703e3c7370616e207374796c653d22636f6c6f723a20726762283235352c203235352c20323535293b20666f6e742d66616d696c793a2045786f2c2073616e732d73657269663b20666f6e742d73697a653a20313570783b20666f6e742d7765696768743a203630303b20746578742d616c69676e3a2063656e7465723b206261636b67726f756e642d636f6c6f723a207267622839312c20312c2030293b223e474f41204b494e472048454c502026616d703b20535550504f52543c2f7370616e3e3c6272207374796c653d226f75746c696e653a206e6f6e653b202d7765626b69742d666f6e742d736d6f6f7468696e673a20616e7469616c69617365643b20636f6c6f723a20726762283235352c203235352c20323535293b20666f6e742d66616d696c793a2045786f2c2073616e732d73657269663b20666f6e742d73697a653a20313570783b20666f6e742d7765696768743a203630303b20746578742d616c69676e3a2063656e7465723b206261636b67726f756e642d636f6c6f723a207267622839312c20312c2030293b223e3c7370616e207374796c653d22636f6c6f723a20726762283235352c203235352c20323535293b20666f6e742d66616d696c793a2045786f2c2073616e732d73657269663b20666f6e742d73697a653a20313570783b20666f6e742d7765696768743a203630303b20746578742d616c69676e3a2063656e7465723b206261636b67726f756e642d636f6c6f723a207267622839312c20312c2030293b223ef09f918920e0a497e0a587e0a4ae20e0a495e0a588e0a4b8e0a58720e0a496e0a587e0a4b2e0a4a8e0a58020e0a4b9e0a58820e0a49ce0a4bee0a4a8e0a4bfe0a48f20f09f91893c2f7370616e3e3c6272207374796c653d226f75746c696e653a206e6f6e653b202d7765626b69742d666f6e742d736d6f6f7468696e673a20616e7469616c69617365643b20636f6c6f723a20726762283235352c203235352c20323535293b20666f6e742d66616d696c793a2045786f2c2073616e732d73657269663b20666f6e742d73697a653a20313570783b20666f6e742d7765696768743a203630303b20746578742d616c69676e3a2063656e7465723b206261636b67726f756e642d636f6c6f723a207267622839312c20312c2030293b223e3c7370616e207374796c653d22636f6c6f723a20726762283235352c203235352c20323535293b20666f6e742d66616d696c793a2045786f2c2073616e732d73657269663b20666f6e742d73697a653a20313570783b20666f6e742d7765696768743a203630303b20746578742d616c69676e3a2063656e7465723b206261636b67726f756e642d636f6c6f723a207267622839312c20312c2030293b223ee0a4b8e0a4ade0a58020e0a497e0a587e0a4ae20e0a4aee0a588e0a482203120e0a4b8e0a5872031303020e0a4a8e0a482e0a4ace0a4b020e0a4aee0a588e0a48220e0a4b8e0a58720e0a495e0a58be0a48820e0a48fe0a49520e0a4a8e0a482e0a4ace0a4b020e0a486e0a4a4e0a4be20e0a4b9e0a588e0a5a420e0a485e0a497e0a4b020e0a486e0a4aae0a4a8e0a58720e0a4b5e0a4b9e0a58020e0a4b2e0a497e0a4bee0a4afe0a4be20e0a4b9e0a581e0a48620e0a4b9e0a58820e0a4a4e0a58b20e0a486e0a4aae0a495e0a58b20393520e0a497e0a581e0a4a3e0a4be20e0a4aae0a588e0a4b8e0a58720e0a4aee0a4bfe0a4b2e0a587e0a482e0a497e0a5873c2f7370616e3e3c6272207374796c653d226f75746c696e653a206e6f6e653b202d7765626b69742d666f6e742d736d6f6f7468696e673a20616e7469616c69617365643b20636f6c6f723a20726762283235352c203235352c20323535293b20666f6e742d66616d696c793a2045786f2c2073616e732d73657269663b20666f6e742d73697a653a20313570783b20666f6e742d7765696768743a203630303b20746578742d616c69676e3a2063656e7465723b206261636b67726f756e642d636f6c6f723a207267622839312c20312c2030293b223e3c7370616e207374796c653d22636f6c6f723a20726762283235352c203235352c20323535293b20666f6e742d66616d696c793a2045786f2c2073616e732d73657269663b20666f6e742d73697a653a20313570783b20666f6e742d7765696768743a203630303b20746578742d616c69676e3a2063656e7465723b206261636b67726f756e642d636f6c6f723a207267622839312c20312c2030293b223ef09f918920e0a49ce0a588e0a4b8e0a58720e0a486e0a4aae0a4a8e0a58720313520e0a4aae0a4b020313020e0a4b0e0a581e0a4aae0a48f20e0a4b2e0a497e0a4bee0a48f20e0a4b9e0a588e0a48220e0a495e0a4bfe0a4b8e0a58020e0a497e0a587e0a4ae20e0a4aee0a588e0a48220e0a494e0a4b020e0a489e0a4b8e0a4aee0a58720313520e0a4b0e0a4bfe0a49ce0a4b2e0a58de0a49f20e0a486e0a4a4e0a4be20e0a4b9e0a58820e0a4a4e0a58b20e0a486e0a4aae0a495e0a58b2039353020e0a4b0e0a581e0a4aae0a48f20e0a4aee0a4bfe0a4b2e0a587e0a482e0a497e0a58720e0a486e0a4aa20e0a495e0a4bfe0a4a4e0a4a8e0a58720e0a4ade0a58020e0a4a8e0a482e0a4ace0a4b020e0a4b2e0a497e0a4be20e0a4b8e0a495e0a4a4e0a58720e0a4b9e0a58b20e0a4ace0a4b820e0a486e0a4aae0a495e0a4be20e0a4aae0a4bee0a4b820e0a4b9e0a58be0a4a8e0a4be20e0a49ae0a4bee0a487e0a48f20e0a494e0a4b020e0a4aae0a4bee0a4b820e0a4b9e0a58be0a4a4e0a58720e0a4b9e0a58020e0a4aae0a588e0a4b8e0a4be20e0a486e0a4aae0a495e0a58720e0a4b5e0a589e0a4b2e0a587e0a49f20e0a4aee0a588e0a48220e0a48620e0a49ce0a4bee0a4afe0a587e0a497e0a4be3c2f7370616e3e3c2f703e);

-- --------------------------------------------------------

--
-- Table structure for table `game`
--

CREATE TABLE `game` (
  `id` int(255) NOT NULL,
  `name` varchar(355) DEFAULT NULL,
  `slug` text NOT NULL,
  `image` text NOT NULL,
  `status` varchar(355) DEFAULT NULL,
  `addeddate` datetime DEFAULT NULL,
  `modifieddate` datetime DEFAULT NULL
) ENGINE=InnoDB DEFAULT CHARSET=utf8mb4 COLLATE=utf8mb4_general_ci;

--
-- Dumping data for table `game`
--

INSERT INTO `game` (`id`, `name`, `slug`, `image`, `status`, `addeddate`, `modifieddate`) VALUES
(59, 'New Delhi', '', '1742625923.jpg', '1', NULL, NULL),
(60, 'New Mumbai', '', '1742625902.jpg', '1', NULL, NULL),
(61, 'New Noida', '', '1742625881.jpg', '1', NULL, NULL),
(62, 'New Palwal', '', '1742625836.jpg', '1', NULL, NULL),
(63, 'Faridabad', 'faridabad', '1742625923.jpg', '1', NULL, '2025-03-22 12:15:23'),
(64, 'Gaziabad', 'gaziabad', '1742625902.jpg', '1', NULL, '2025-03-22 12:15:02'),
(65, 'Gali', 'gali', '1742625881.jpg', '1', NULL, '2025-03-22 12:14:41'),
(66, 'Disawar', 'disawar', '1742625836.jpg', '1', NULL, '2025-03-22 12:13:56');

-- --------------------------------------------------------

--
-- Table structure for table `game_times`
--

CREATE TABLE `game_times` (
  `id` int(11) NOT NULL,
  `game_id` int(50) NOT NULL,
  `game_time_id` int(50) NOT NULL,
  `declare_time` time DEFAULT NULL,
  `status` varchar(50) NOT NULL,
  `addeddate` date DEFAULT NULL,
  `modifieddate` date DEFAULT NULL
) ENGINE=InnoDB DEFAULT CHARSET=utf8 COLLATE=utf8_general_ci;

--
-- Dumping data for table `game_times`
--

INSERT INTO `game_times` (`id`, `game_id`, `game_time_id`, `declare_time`, `status`, `addeddate`, `modifieddate`) VALUES
(1, 59, 62, '09:00:00', '1', '2025-03-24', '2025-03-24'),
(2, 59, 63, '09:15:00', '1', '2025-03-24', '2025-03-24'),
(3, 59, 64, '09:30:00', '1', '2025-03-24', '2025-03-24'),
(4, 59, 65, '09:45:00', '1', '2025-03-24', '2025-03-24'),
(5, 59, 66, '10:00:00', '1', '2025-03-24', '2025-03-24'),
(6, 59, 67, '10:15:00', '1', '2025-03-24', '2025-03-24'),
(7, 59, 68, '10:30:00', '1', '2025-03-24', '2025-03-24'),
(8, 59, 70, '11:00:00', '1', '2025-03-24', '2025-03-24'),
(9, 59, 71, '11:15:00', '1', '2025-03-24', '2025-03-24'),
(10, 59, 72, '11:30:00', '1', '2025-03-24', '2025-03-24'),
(11, 59, 73, '11:45:00', '1', '2025-03-24', '2025-03-24'),
(12, 59, 74, '12:00:00', '1', '2025-03-24', '2025-03-24'),
(13, 59, 75, '12:15:00', '1', '2025-03-24', '2025-03-24'),
(14, 59, 76, '12:30:00', '1', '2025-03-24', '2025-03-24'),
(15, 59, 77, '12:45:00', '1', '2025-03-24', '2025-03-24'),
(16, 59, 78, '13:00:00', '1', '2025-03-24', '2025-03-24'),
(17, 59, 79, '13:15:00', '1', '2025-03-24', '2025-03-24'),
(18, 59, 80, '13:45:00', '1', '2025-03-24', '2025-03-24'),
(19, 59, 81, '14:00:00', '1', '2025-03-24', '2025-03-24'),
(20, 59, 82, '14:15:00', '1', '2025-03-24', '2025-03-24'),
(21, 59, 83, '14:30:00', '1', '2025-03-24', '2025-03-24'),
(26, 59, 84, '14:45:00', '1', '2025-03-24', NULL),
(27, 59, 85, '15:00:00', '1', '2025-03-24', NULL),
(28, 59, 86, '15:15:00', '1', '2025-03-24', NULL),
(29, 59, 87, '15:30:00', '1', '2025-03-24', NULL),
(30, 59, 88, '15:45:00', '1', '2025-03-24', NULL),
(31, 59, 89, '16:00:00', '1', '2025-03-24', NULL),
(32, 59, 90, '16:15:00', '1', '2025-03-24', NULL),
(33, 59, 91, '16:30:00', '1', '2025-03-24', NULL),
(34, 59, 92, '16:45:00', '1', '2025-03-24', '2025-03-24'),
(35, 59, 93, '17:00:00', '1', '2025-03-24', NULL),
(36, 59, 94, '17:15:00', '1', '2025-03-24', NULL),
(37, 59, 95, '17:45:00', '1', '2025-03-24', NULL),
(38, 59, 96, '18:00:00', '1', '2025-03-24', NULL),
(39, 59, 97, '18:15:00', '1', '2025-03-24', NULL),
(40, 59, 98, '18:30:00', '1', '2025-03-24', NULL),
(41, 59, 99, '18:45:00', '1', '2025-03-24', NULL),
(42, 59, 100, '19:00:00', '1', '2025-03-24', NULL),
(43, 61, 62, '09:00:00', '1', '2025-03-24', '2025-03-24'),
(44, 61, 63, '09:15:00', '1', '2025-03-24', '2025-03-24'),
(45, 61, 64, '09:30:00', '1', '2025-03-24', '2025-03-24'),
(46, 61, 65, '09:45:00', '1', '2025-03-24', '2025-03-24'),
(47, 61, 66, '10:00:00', '1', '2025-03-24', '2025-03-24'),
(48, 61, 67, '10:15:00', '1', '2025-03-24', '2025-03-24'),
(49, 61, 68, '10:30:00', '1', '2025-03-24', '2025-03-24'),
(50, 61, 70, '11:00:00', '1', '2025-03-24', '2025-03-24'),
(51, 61, 71, '11:15:00', '1', '2025-03-24', '2025-03-24'),
(52, 61, 72, '11:30:00', '1', '2025-03-24', '2025-03-24'),
(53, 61, 73, '11:45:00', '1', '2025-03-24', '2025-03-24'),
(54, 61, 74, '12:00:00', '1', '2025-03-24', '2025-03-24'),
(55, 61, 75, '12:15:00', '1', '2025-03-24', '2025-03-24'),
(56, 61, 76, '12:30:00', '1', '2025-03-24', '2025-03-24'),
(57, 61, 77, '12:45:00', '1', '2025-03-24', '2025-03-24'),
(58, 61, 78, '13:00:00', '1', '2025-03-24', '2025-03-24'),
(59, 61, 79, '13:15:00', '1', '2025-03-24', '2025-03-24'),
(60, 61, 80, '13:45:00', '1', '2025-03-24', '2025-03-24'),
(61, 61, 81, '14:00:00', '1', '2025-03-24', '2025-03-24'),
(62, 61, 82, '14:15:00', '1', '2025-03-24', '2025-03-24'),
(63, 61, 83, '14:30:00', '1', '2025-03-24', '2025-03-24'),
(64, 61, 84, '14:45:00', '1', '2025-03-24', NULL),
(65, 61, 85, '15:00:00', '1', '2025-03-24', NULL),
(66, 60, 62, '09:00:00', '1', '2025-03-24', '2025-03-24'),
(67, 60, 63, '09:15:00', '1', '2025-03-24', '2025-03-24'),
(68, 60, 64, '09:30:00', '1', '2025-03-24', '2025-03-24'),
(69, 60, 65, '09:45:00', '1', '2025-03-24', '2025-03-24'),
(70, 60, 66, '10:00:00', '1', '2025-03-24', '2025-03-24'),
(71, 60, 67, '10:15:00', '1', '2025-03-24', '2025-03-24'),
(72, 60, 68, '10:30:00', '1', '2025-03-24', '2025-03-24'),
(73, 60, 70, '11:00:00', '1', '2025-03-24', '2025-03-24'),
(74, 60, 71, '11:15:00', '1', '2025-03-24', '2025-03-24'),
(75, 60, 72, '11:30:00', '1', '2025-03-24', '2025-03-24'),
(76, 60, 73, '11:45:00', '1', '2025-03-24', '2025-03-24'),
(77, 60, 74, '12:00:00', '1', '2025-03-24', '2025-03-24'),
(78, 60, 75, '12:15:00', '1', '2025-03-24', '2025-03-24'),
(79, 60, 76, '12:30:00', '1', '2025-03-24', '2025-03-24'),
(80, 60, 77, '12:45:00', '1', '2025-03-24', '2025-03-24'),
(81, 60, 78, '13:00:00', '1', '2025-03-24', '2025-03-24'),
(82, 60, 79, '13:15:00', '1', '2025-03-24', '2025-03-24'),
(83, 60, 80, '13:45:00', '1', '2025-03-24', '2025-03-24'),
(84, 60, 81, '14:00:00', '1', '2025-03-24', '2025-03-24'),
(85, 60, 82, '14:15:00', '1', '2025-03-24', '2025-03-24'),
(86, 60, 83, '14:30:00', '1', '2025-03-24', '2025-03-24'),
(87, 60, 84, '14:45:00', '1', '2025-03-24', NULL),
(88, 60, 85, '15:00:00', '1', '2025-03-24', NULL);

-- --------------------------------------------------------

--
-- Table structure for table `login_details`
--

CREATE TABLE `login_details` (
  `id` int(11) NOT NULL,
  `user_id` text NOT NULL,
  `device_id` text NOT NULL,
  `ip_address` text NOT NULL,
  `login_date` date NOT NULL,
  `login_time` time NOT NULL,
  `username` text NOT NULL,
  `password` text NOT NULL,
  `logout_date` date DEFAULT NULL,
  `logout_time` time DEFAULT NULL,
  `login_status` int(11) NOT NULL COMMENT '0=login,1=logout,'
) ENGINE=InnoDB DEFAULT CHARSET=utf8mb4 COLLATE=utf8mb4_general_ci;

--
-- Dumping data for table `login_details`
--

INSERT INTO `login_details` (`id`, `user_id`, `device_id`, `ip_address`, `login_date`, `login_time`, `username`, `password`, `logout_date`, `logout_time`, `login_status`) VALUES
(33, '2', '678de5eead520::1', '::1', '2025-01-20', '11:28:06', 'admin', 'admin', '2025-03-22', '12:10:00', 1),
(34, '2', '678f2d2b6e7da::1', '::1', '2025-01-21', '10:44:19', 'admin', 'admin', '2025-03-22', '12:10:00', 1),
(35, '2', '6793542299a092401:4900:1c5c:8ebf:a1e0:54d3:485c:ad2e', '2401:4900:1c5c:8ebf:a1e0:54d3:485c:ad2e', '2025-01-24', '14:19:38', 'admin', 'admin', '2025-03-22', '12:10:00', 1),
(36, '2', '679359f75ce3e2401:4900:1c5c:8ebf:ac48:19d9:5f4b:acc7', '2401:4900:1c5c:8ebf:ac48:19d9:5f4b:acc7', '2025-01-24', '14:44:31', 'admin', 'admin', '2025-03-22', '12:10:00', 1),
(37, '2', '6793689a92a792401:4900:1c5c:8ebf:ac48:19d9:5f4b:acc7', '2401:4900:1c5c:8ebf:ac48:19d9:5f4b:acc7', '2025-01-24', '15:46:58', 'admin', 'admin', '2025-03-22', '12:10:00', 1),
(38, '2', '679368dbabf262401:4900:1c5c:8ebf:ac48:19d9:5f4b:acc7', '2401:4900:1c5c:8ebf:ac48:19d9:5f4b:acc7', '2025-01-24', '15:48:03', 'admin', 'admin', '2025-03-22', '12:10:00', 1),
(39, '2', '679368e5b99942401:4900:1c5c:8ebf:ac48:19d9:5f4b:acc7', '2401:4900:1c5c:8ebf:ac48:19d9:5f4b:acc7', '2025-01-24', '15:48:13', 'admin', 'admin', '2025-03-22', '12:10:00', 1),
(40, '2', '679368f664ba22401:4900:1c5c:8ebf:ac48:19d9:5f4b:acc7', '2401:4900:1c5c:8ebf:ac48:19d9:5f4b:acc7', '2025-01-24', '15:48:30', 'admin', 'admin', '2025-03-22', '12:10:00', 1),
(41, '2', '67de497d60c54::1', '::1', '2025-03-22', '10:54:13', 'admin', 'admin', '2025-03-22', '12:10:00', 1),
(42, '2', '67de56ad4ad7e::1', '::1', '2025-03-22', '11:50:29', 'admin', 'admin', '2025-03-22', '12:10:00', 1),
(43, '2', '67de5b41d80f6::1', '::1', '2025-03-22', '12:10:01', 'admin', 'admin', NULL, NULL, 0),
(44, '2', '67e0e9183fca2::1', '::1', '2025-03-24', '10:39:44', 'admin', 'admin', NULL, NULL, 0);

-- --------------------------------------------------------

--
-- Table structure for table `login_history`
--

CREATE TABLE `login_history` (
  `id` int(11) NOT NULL,
  `user_id` varchar(50) NOT NULL,
  `role` int(1) NOT NULL,
  `ip_address` varchar(250) NOT NULL,
  `date` date NOT NULL,
  `time` time NOT NULL,
  `device_id` text DEFAULT NULL,
  `firebase_token` text DEFAULT NULL,
  `access_token` text NOT NULL,
  `device` text NOT NULL,
  `status` int(10) NOT NULL,
  `password` varchar(50) NOT NULL,
  `testkey` varchar(50) NOT NULL
) ENGINE=InnoDB DEFAULT CHARSET=utf8mb4 COLLATE=utf8mb4_unicode_520_ci;

--
-- Dumping data for table `login_history`
--

INSERT INTO `login_history` (`id`, `user_id`, `role`, `ip_address`, `date`, `time`, `device_id`, `firebase_token`, `access_token`, `device`, `status`, `password`, `testkey`) VALUES
(91, '37', 1, '::1', '2025-01-20', '16:23:47', '678e2b3216741', '1056886753', 'WlhsS01XTXlWbmxZTW14clNXcHZhVTE2WTJsTVEwcDNXVmhPZW1ReU9YbGFRMGsyU1dwRmVVMTZVVEZPYVVselNXMW9kbVJZU25wSmFtOHdUME4zYVZwSFJqQmFWamt3WVZjeGJFbHFiMmxOYWtGNVRsTXdkMDFUTUhsTlEwRjRUbXB2ZVUxNmJ6Qk9lVWx6U1c1S2RtSkhWV2xQYVVsNFNXbDNhVnBIVmpKaFYwNXNXREpzYTBscWIybE9hbU0wV2xSS2FVMTZTWGhPYW1Nd1RWTktPUT09', '', 0, '123456', ''),
(92, '37', 1, '::1', '2025-01-20', '16:47:27', '7', '1056886753', 'WlhsS01XTXlWbmxZTW14clNXcHZhVTE2WTJsTVEwcDNXVmhPZW1ReU9YbGFRMGsyU1dwRmVVMTZVVEZPYVVselNXMW9kbVJZU25wSmFtOHdUME4zYVZwSFJqQmFWamt3WVZjeGJFbHFiMmxOYWtGNVRsTXdkMDFUTUhsTlEwRjRUbXB2TUU1NmIzbE9lVWx6U1c1S2RtSkhWV2xQYVVsNFNXbDNhVnBIVmpKaFYwNXNXREpzYTBscWIybE9lVW81', '', 0, '123456', ''),
(93, '37', 1, '::1', '2025-01-20', '16:47:58', '8', '1056886753', 'WlhsS01XTXlWbmxZTW14clNXcHZhVTE2WTJsTVEwcDNXVmhPZW1ReU9YbGFRMGsyU1dwRmVVMTZVVEZPYVVselNXMW9kbVJZU25wSmFtOHdUME4zYVZwSFJqQmFWamt3WVZjeGJFbHFiMmxOYWtGNVRsTXdkMDFUTUhsTlEwRjRUbXB2TUU1NmJ6RlBRMGx6U1c1S2RtSkhWV2xQYVVsNFNXbDNhVnBIVmpKaFYwNXNXREpzYTBscWIybFBRMG81', '', 0, '123456', ''),
(94, '37', 1, '::1', '2025-01-20', '17:47:42', '9', '1056886753', 'WlhsS01XTXlWbmxZTW14clNXcHZhVTE2WTJsTVEwcDNXVmhPZW1ReU9YbGFRMGsyU1dwRmVVMTZVVEZPYVVselNXMW9kbVJZU25wSmFtOHdUME4zYVZwSFJqQmFWamt3WVZjeGJFbHFiMmxOYWtGNVRsTXdkMDFUTUhsTlEwRjRUbnB2TUU1NmJ6Qk5hVWx6U1c1S2RtSkhWV2xQYVVsNFNXbDNhVnBIVmpKaFYwNXNXREpzYTBscWIybFBVMG81', '', 0, '123456', ''),
(95, '37', 1, '::1', '2025-01-21', '17:36:21', '678f8db45d39a', '1056886753', 'WlhsS01XTXlWbmxZTW14clNXcHZhVTE2WTJsTVEwcDNXVmhPZW1ReU9YbGFRMGsyU1dwRmVVMTZVVEZPYW1NMFNXbDNhV0ZIT1RGamJrMXBUMnBSTkV4RFNtdFpXRkpzV0ROU2NHSlhWV2xQYVVsNVRVUkpNVXhVUVhoTVZFbDRTVVJGTTA5cVRUSlBha2w0U1dsM2FXTnRPWE5hVTBrMlNXcEZhVXhEU210YVdGcHdXVEpXWm1GWFVXbFBhVWt5VG5wb2JVOUhVbWxPUkZaclRYcHNhRWx1TUQwPQ==', '', 0, '12345678', ''),
(96, '37', 1, '::1', '2025-01-21', '17:36:45', '678f8db45d39a', '1056886753', 'WlhsS01XTXlWbmxZTW14clNXcHZhVTE2WTJsTVEwcDNXVmhPZW1ReU9YbGFRMGsyU1dwRmVVMTZVVEZPYVVselNXMW9kbVJZU25wSmFtOHdUME4zYVZwSFJqQmFWamt3WVZjeGJFbHFiMmxOYWtGNVRsTXdkMDFUTUhsTlUwRjRUbnB2ZWs1cWJ6Qk9VMGx6U1c1S2RtSkhWV2xQYVVsNFNXbDNhVnBIVmpKaFYwNXNXREpzYTBscWIybE9hbU0wV21wb2ExbHFVVEZhUkUwMVdWTktPUT09', '', 0, '123456', ''),
(97, '37', 1, '::1', '2025-01-22', '10:42:51', '67907e28527da', '1639690941', 'WlhsS01XTXlWbmxZTW14clNXcHZhVTE2WTJsTVEwcDNXVmhPZW1ReU9YbGFRMGsyU1dwRmVVMTZVVEZPYVVselNXMW9kbVJZU25wSmFtOHdUME4zYVZwSFJqQmFWamt3WVZjeGJFbHFiMmxOYWtGNVRsTXdkMDFUTUhsTmFVRjRUVVJ2TUUxcWJ6Rk5VMGx6U1c1S2RtSkhWV2xQYVVsNFNXbDNhVnBIVmpKaFYwNXNXREpzYTBscWIybE9hbU0xVFVSa2JFMXFaekZOYW1ScldWTktPUT09', '', 0, '123456', ''),
(98, '37', 1, '::1', '2025-01-22', '10:45:47', '67907f01cc479', '1192140119', 'WlhsS01XTXlWbmxZTW14clNXcHZhVTE2WTJsTVEwcDNXVmhPZW1ReU9YbGFRMGsyU1dwRmVVMTZVVEZPYVVselNXMW9kbVJZU25wSmFtOHdUME4zYVZwSFJqQmFWamt3WVZjeGJFbHFiMmxOYWtGNVRsTXdkMDFUTUhsTmFVRjRUVVJ2TUU1VWJ6Qk9lVWx6U1c1S2RtSkhWV2xQYVVsNFNXbDNhVnBIVmpKaFYwNXNXREpzYTBscWIybE9hbU0xVFVSa2JVMUVSbXBaZWxFelQxTktPUT09', '', 0, '123456', ''),
(99, '37', 1, '::1', '2025-01-22', '10:54:57', '679081054152e', '1045072883', 'WlhsS01XTXlWbmxZTW14clNXcHZhVTE2WTJsTVEwcDNXVmhPZW1ReU9YbGFRMGsyU1dwRmVVMTZVVEZPYVVselNXMW9kbVJZU25wSmFtOHdUME4zYVZwSFJqQmFWamt3WVZjeGJFbHFiMmxOYWtGNVRsTXdkMDFUTUhsTmFVRjRUVVJ2TVU1RWJ6Rk9lVWx6U1c1S2RtSkhWV2xQYVVsNFNXbDNhVnBIVmpKaFYwNXNXREpzYTBscWIybE9hbU0xVFVSbmVFMUVWVEJOVkZWNVdsTktPUT09', '', 0, '123456', ''),
(100, '37', 1, '::1', '2025-01-22', '10:55:05', '6790812fd2dbe', '1045072883', 'WlhsS01XTXlWbmxZTW14clNXcHZhVTE2WTJsTVEwcDNXVmhPZW1ReU9YbGFRMGsyU1dwRmVVMTZVVEZPYVVselNXMW9kbVJZU25wSmFtOHdUME4zYVZwSFJqQmFWamt3WVZjeGJFbHFiMmxOYWtGNVRsTXdkMDFUTUhsTmFVRjRUVVJ2TVU1VWIzZE9VMGx6U1c1S2RtSkhWV2xQYVVsNFNXbDNhVnBIVmpKaFYwNXNXREpzYTBscWIybE9hbU0xVFVSbmVFMXRXbXROYlZKcFdsTktPUT09', '', 0, '123456', ''),
(101, '37', 1, '::1', '2025-01-22', '10:56:12', '6790816f1b764', '1045072883', 'WlhsS01XTXlWbmxZTW14clNXcHZhVTE2WTJsTVEwcDNXVmhPZW1ReU9YbGFRMGsyU1dwRmVVMTZVVEZPYVVselNXMW9kbVJZU25wSmFtOHdUME4zYVZwSFJqQmFWamt3WVZjeGJFbHFiMmxOYWtGNVRsTXdkMDFUTUhsTmFVRjRUVVJ2TVU1cWIzaE5hVWx6U1c1S2RtSkhWV2xQYVVsNFNXbDNhVnBIVmpKaFYwNXNXREpzYTBscWIybE9hbU0xVFVSbmVFNXRXWGhaYW1NeVRrTktPUT09', '', 0, '123456', ''),
(102, '37', 1, '::1', '2025-01-22', '10:56:49', '12321', '1045072883', 'WlhsS01XTXlWbmxZTW14clNXcHZhVTE2WTJsTVEwcDNXVmhPZW1ReU9YbGFRMGsyU1dwRmVVMTZVVEZPYVVselNXMW9kbVJZU25wSmFtOHdUME4zYVZwSFJqQmFWamt3WVZjeGJFbHFiMmxOYWtGNVRsTXdkMDFUTUhsTmFVRjRUVVJ2TVU1cWJ6QlBVMGx6U1c1S2RtSkhWV2xQYVVsNFNXbDNhVnBIVmpKaFYwNXNXREpzYTBscWIybE5WRWw2VFdwRmFXWlJQVDA9', '', 0, '123456', ''),
(103, '37', 1, '::1', '2025-01-22', '11:00:28', '67908270d9911', '260523537', 'WlhsS01XTXlWbmxZTW14clNXcHZhVTE2WTJsTVEwcDNXVmhPZW1ReU9YbGFRMGsyU1dwRmVVMTZVVEZPYVVselNXMW9kbVJZU25wSmFtOHdUME4zYVZwSFJqQmFWamt3WVZjeGJFbHFiMmxOYWtGNVRsTXdkMDFUTUhsTmFVRjRUVlJ2ZDAxRWIzbFBRMGx6U1c1S2RtSkhWV2xQYVVsNFNXbDNhVnBIVmpKaFYwNXNXREpzYTBscWIybE9hbU0xVFVSbmVVNTZRbXRQVkd0NFRWTktPUT09', '', 0, '123456', ''),
(104, '37', 1, '::1', '2025-01-22', '11:14:58', '67908270d9911', '1547224551', 'WlhsS01XTXlWbmxZTW14clNXcHZhVTE2WTJsTVEwcDNXVmhPZW1ReU9YbGFRMGsyU1dwRmVVMTZVVEZPYVVselNXMW9kbVJZU25wSmFtOHdUME4zYVZwSFJqQmFWamt3WVZjeGJFbHFiMmxOYWtGNVRsTXdkMDFUTUhsTmFVRjRUVlJ2ZUU1RWJ6RlBRMGx6U1c1S2RtSkhWV2xQYVVsNFNXbDNhVnBIVmpKaFYwNXNXREpzYTBscWIybE9hbU0xVFVSbmVVNTZRbXRQVkd0NFRWTktPUT09', '', 0, '123456', ''),
(105, '37', 1, '::1', '2025-01-22', '11:18:34', '6790868e78eed', '1118964406', 'WlhsS01XTXlWbmxZTW14clNXcHZhVTE2WTJsTVEwcDNXVmhPZW1ReU9YbGFRMGsyU1dwRmVVMTZVVEZPYVVselNXMW9kbVJZU25wSmFtOHdUME4zYVZwSFJqQmFWamt3WVZjeGJFbHFiMmxOYWtGNVRsTXdkMDFUTUhsTmFVRjRUVlJ2ZUU5RWIzcE9RMGx6U1c1S2RtSkhWV2xQYVVsNFNXbDNhVnBIVmpKaFYwNXNXREpzYTBscWIybE9hbU0xVFVSbk1rOUhWVE5QUjFac1drTktPUT09', '', 0, '123456', ''),
(106, '37', 1, '::1', '2025-01-22', '12:19:54', '6790868e78eed', '1524765116', 'WlhsS01XTXlWbmxZTW14clNXcHZhVTE2WTJsTVEwcDNXVmhPZW1ReU9YbGFRMGsyU1dwRmVVMTZVVEZPYVVselNXMW9kbVJZU25wSmFtOHdUME4zYVZwSFJqQmFWamt3WVZjeGJFbHFiMmxOYWtGNVRsTXdkMDFUTUhsTmFVRjRUV3B2ZUU5VWJ6Rk9RMGx6U1c1S2RtSkhWV2xQYVVsNFNXbDNhVnBIVmpKaFYwNXNXREpzYTBscWIybE9hbU0xVFVSbk1rOUhWVE5QUjFac1drTktPUT09', '', 0, '123456', ''),
(107, '41', 1, '::1', '2025-01-23', '17:01:10', '6790868e78eed', '1617936193', 'WlhsS01XTXlWbmxZTW14clNXcHZhVTVFUldsTVEwcDNXVmhPZW1ReU9YbGFRMGsyU1dwRmVVMTZVVEZPYVVselNXMW9kbVJZU25wSmFtOHdUME4zYVZwSFJqQmFWamt3WVZjeGJFbHFiMmxOYWtGNVRsTXdkMDFUTUhsTmVVRjRUbnB2ZDAxVWIzaE5RMGx6U1c1S2RtSkhWV2xQYVVsNFNXbDNhVnBIVmpKaFYwNXNXREpzYTBscWIybE9hbU0xVFVSbk1rOUhWVE5QUjFac1drTktPUT09', '', 0, '123456', ''),
(108, '37', 1, '::1', '2025-01-23', '17:14:02', '6790868e78eed', '1475397431', 'WlhsS01XTXlWbmxZTW14clNXcHZhVTE2WTJsTVEwcDNXVmhPZW1ReU9YbGFRMGsyU1dwRmVVMTZVVEZPYVVselNXMW9kbVJZU25wSmFtOHdUME4zYVZwSFJqQmFWamt3WVZjeGJFbHFiMmxOYWtGNVRsTXdkMDFUTUhsTmVVRjRUbnB2ZUU1RWIzZE5hVWx6U1c1S2RtSkhWV2xQYVVsNFNXbDNhVnBIVmpKaFYwNXNXREpzYTBscWIybE9hbU0xVFVSbk1rOUhWVE5QUjFac1drTktPUT09', '', 1, '123456', ''),
(109, '37', 1, '2401:4900:1c5c:8ebf:dcca:1bd3:a942:388b', '2025-01-24', '11:02:17', '48da7bc0d2a3210f', '1226505914', 'WlhsS01XTXlWbmxZTW14clNXcHZhVTE2WTJsTVEwcDNXVmhPZW1ReU9YbGFRMGsyU1dwRmVVMTZVVEZPYVVselNXMW9kbVJZU25wSmFtOHdUME4zYVZwSFJqQmFWamt3WVZjeGJFbHFiMmxOYWtGNVRsTXdkMDFUTUhsT1EwRjRUVlJ2ZDAxcWIzaE9lVWx6U1c1S2RtSkhWV2xQYVVsNFNXbDNhVnBIVmpKaFYwNXNXREpzYTBscWIybE9SR2hyV1ZSa2FWbDZRbXROYlVWNlRXcEZkMXBwU2prPQ==', '', 1, '123456', ''),
(110, '37', 1, '122.162.144.25', '2025-01-24', '11:57:12', '01fb4844ed1c1bd3', '604340092', 'WlhsS01XTXlWbmxZTW14clNXcHZhVTE2WTJsTVEwcDNXVmhPZW1ReU9YbGFRMGsyU1dwRmVVMTZVVEZPYVVselNXMW9kbVJZU25wSmFtOHdUME4zYVZwSFJqQmFWamt3WVZjeGJFbHFiMmxOYWtGNVRsTXdkMDFUTUhsT1EwRjRUVlJ2TVU1NmIzaE5hVWx6U1c1S2RtSkhWV2xQYVVsNFNXbDNhVnBIVmpKaFYwNXNXREpzYTBscWIybE5SRVp0V1dwUk5FNUVVbXhhUkVacVRWZEthMDE1U2prPQ==', '', 1, '123456', ''),
(111, '37', 1, '2401:4900:1c5c:8ebf:912c:3e4c:7cac:832', '2025-01-24', '15:49:01', '4e3bbb4f9d221239', '1608403014', 'WlhsS01XTXlWbmxZTW14clNXcHZhVTE2WTJsTVEwcDNXVmhPZW1ReU9YbGFRMGsyU1dwRmVVMTZVVEZPYVVselNXMW9kbVJZU25wSmFtOHdUME4zYVZwSFJqQmFWamt3WVZjeGJFbHFiMmxOYWtGNVRsTXdkMDFUTUhsT1EwRjRUbFJ2TUU5VWIzZE5VMGx6U1c1S2RtSkhWV2xQYVVsNFNXbDNhVnBIVmpKaFYwNXNXREpzYTBscWIybE9SMVY2V1cxS2FVNUhXVFZhUkVsNVRWUkplazlUU2prPQ==', '', 1, '123456', '');

-- --------------------------------------------------------

--
-- Table structure for table `meta_tags`
--

CREATE TABLE `meta_tags` (
  `id` int(11) NOT NULL,
  `page_name` varchar(150) DEFAULT NULL,
  `meta_title` text DEFAULT NULL,
  `meta_auther` varchar(150) DEFAULT NULL,
  `meta_keyword` text DEFAULT NULL,
  `meta_description` text DEFAULT NULL,
  `slug` text DEFAULT NULL,
  `add_date_time` datetime DEFAULT NULL,
  `update_date_time` datetime DEFAULT NULL,
  `update_history` text DEFAULT NULL,
  `is_delete` int(2) DEFAULT NULL,
  `status` int(2) DEFAULT NULL,
  `type` int(5) NOT NULL
) ENGINE=InnoDB DEFAULT CHARSET=utf8mb4 COLLATE=utf8mb4_general_ci;

-- --------------------------------------------------------

--
-- Table structure for table `number`
--

CREATE TABLE `number` (
  `id` int(255) NOT NULL,
  `game_id` varchar(355) DEFAULT NULL,
  `game_time_id` int(50) NOT NULL,
  `year` varchar(355) DEFAULT NULL,
  `month` varchar(255) DEFAULT NULL,
  `number` varchar(355) DEFAULT NULL,
  `status` varchar(355) DEFAULT NULL,
  `create_on` date DEFAULT NULL,
  `declare_time` time NOT NULL
) ENGINE=InnoDB DEFAULT CHARSET=utf8mb4 COLLATE=utf8mb4_general_ci;

--
-- Dumping data for table `number`
--

INSERT INTO `number` (`id`, `game_id`, `game_time_id`, `year`, `month`, `number`, `status`, `create_on`, `declare_time`) VALUES
(1, '59', 62, '2025', 'March', '78', '1', '2025-03-24', '09:00:00'),
(2, '59', 63, '2025', 'March', '31', '1', '2025-03-24', '09:15:00'),
(3, '59', 64, '2025', 'March', '98', '1', '2025-03-24', '09:30:00'),
(4, '59', 65, '2025', 'March', '23', '1', '2025-03-24', '09:45:00'),
(5, '59', 66, '2025', 'March', '78', '1', '2025-03-24', '10:00:00'),
(6, '59', 67, '2025', 'March', '87', '1', '2025-03-24', '10:15:00'),
(7, '59', 68, '2025', 'March', '79', '1', '2025-03-24', '10:30:00'),
(8, '59', 70, '2025', 'March', '47', '1', '2025-03-24', '11:00:00'),
(9, '59', 71, '2025', 'March', '26', '1', '2025-03-24', '11:15:00'),
(10, '59', 72, '2025', 'March', '48', '1', '2025-03-24', '11:30:00'),
(11, '59', 73, '2025', 'March', '97', '1', '2025-03-24', '11:45:00'),
(12, '59', 74, '2025', 'March', '55', '1', '2025-03-24', '12:00:00'),
(13, '59', 75, '2025', 'March', '55', '1', '2025-03-24', '12:15:00'),
(14, '59', 76, '2025', 'March', '52', '1', '2025-03-24', '12:30:00'),
(15, '59', 77, '2025', 'March', '45', '1', '2025-03-24', '12:45:00'),
(16, '59', 78, '2025', 'March', '07', '1', '2025-03-24', '13:00:00'),
(17, '59', 79, '2025', 'March', '65', '1', '2025-03-24', '13:15:00'),
(18, '59', 80, '2025', 'March', '73', '1', '2025-03-24', '13:45:00'),
(19, '59', 81, '2025', 'March', '64', '1', '2025-03-24', '14:00:00'),
(20, '59', 82, '2025', 'March', '58', '1', '2025-03-24', '14:15:00'),
(21, '59', 83, '2025', 'March', '46', '1', '2025-03-24', '14:30:00'),
(22, '59', 84, '2025', 'March', '77', '1', '2025-03-24', '14:45:00'),
(23, '59', 85, '2025', 'March', '23', '1', '2025-03-24', '15:00:00'),
(24, '59', 86, '2025', 'March', '60', '1', '2025-03-24', '15:15:00'),
(25, '59', 87, '2025', 'March', '06', '1', '2025-03-24', '15:30:00'),
(26, '59', 88, '2025', 'March', '56', '1', '2025-03-24', '15:45:00'),
(27, '59', 89, '2025', 'March', '51', '1', '2025-03-24', '16:00:00'),
(28, '59', 90, '2025', 'March', '100', '1', '2025-03-24', '16:15:00'),
(29, '59', 91, '2025', 'March', '82', '1', '2025-03-24', '16:30:00'),
(30, '59', 92, '2025', 'March', '92', '1', '2025-03-24', '16:45:00'),
(31, '59', 93, '2025', 'March', '32', '1', '2025-03-24', '17:00:00'),
(32, '59', 94, '2025', 'March', '75', '1', '2025-03-24', '17:15:00'),
(33, '59', 95, '2025', 'March', '53', '1', '2025-03-24', '17:45:00'),
(34, '59', 96, '2025', 'March', '07', '1', '2025-03-24', '18:00:00'),
(35, '59', 97, '2025', 'March', '18', '1', '2025-03-24', '18:15:00'),
(36, '59', 98, '2025', 'March', '62', '1', '2025-03-24', '18:30:00'),
(37, '59', 99, '2025', 'March', '54', '1', '2025-03-24', '18:45:00'),
(38, '59', 100, '2025', 'March', '92', '1', '2025-03-24', '19:00:00'),
(39, '60', 62, '2025', 'March', '03', '1', '2025-03-24', '09:00:00'),
(40, '60', 63, '2025', 'March', '32', '1', '2025-03-24', '09:15:00'),
(41, '60', 64, '2025', 'March', '64', '1', '2025-03-24', '09:30:00'),
(42, '60', 65, '2025', 'March', '91', '1', '2025-03-24', '09:45:00'),
(43, '60', 66, '2025', 'March', '72', '1', '2025-03-24', '10:00:00'),
(44, '60', 67, '2025', 'March', '50', '1', '2025-03-24', '10:15:00'),
(45, '60', 68, '2025', 'March', '85', '1', '2025-03-24', '10:30:00'),
(46, '60', 70, '2025', 'March', '92', '1', '2025-03-24', '11:00:00'),
(47, '60', 71, '2025', 'March', '72', '1', '2025-03-24', '11:15:00'),
(48, '60', 72, '2025', 'March', '98', '1', '2025-03-24', '11:30:00'),
(49, '60', 73, '2025', 'March', '18', '1', '2025-03-24', '11:45:00'),
(50, '60', 74, '2025', 'March', '49', '1', '2025-03-24', '12:00:00'),
(51, '60', 75, '2025', 'March', '95', '1', '2025-03-24', '12:15:00'),
(52, '60', 76, '2025', 'March', '28', '1', '2025-03-24', '12:30:00'),
(53, '60', 77, '2025', 'March', '43', '1', '2025-03-24', '12:45:00'),
(54, '60', 78, '2025', 'March', '84', '1', '2025-03-24', '13:00:00'),
(55, '60', 79, '2025', 'March', '46', '1', '2025-03-24', '13:15:00'),
(56, '60', 80, '2025', 'March', '58', '1', '2025-03-24', '13:45:00'),
(57, '60', 81, '2025', 'March', '61', '1', '2025-03-24', '14:00:00'),
(58, '60', 82, '2025', 'March', '76', '1', '2025-03-24', '14:15:00'),
(59, '60', 83, '2025', 'March', '30', '1', '2025-03-24', '14:30:00'),
(60, '60', 84, '2025', 'March', '09', '1', '2025-03-24', '14:45:00'),
(61, '60', 85, '2025', 'March', '83', '1', '2025-03-24', '15:00:00'),
(62, '61', 62, '2025', 'March', '88', '1', '2025-03-24', '09:00:00'),
(63, '61', 63, '2025', 'March', '41', '1', '2025-03-24', '09:15:00'),
(64, '61', 64, '2025', 'March', '57', '1', '2025-03-24', '09:30:00'),
(65, '61', 65, '2025', 'March', '87', '1', '2025-03-24', '09:45:00'),
(66, '61', 66, '2025', 'March', '21', '1', '2025-03-24', '10:00:00'),
(67, '61', 67, '2025', 'March', '80', '1', '2025-03-24', '10:15:00'),
(68, '61', 68, '2025', 'March', '39', '1', '2025-03-24', '10:30:00'),
(69, '61', 70, '2025', 'March', '25', '1', '2025-03-24', '11:00:00'),
(70, '61', 71, '2025', 'March', '84', '1', '2025-03-24', '11:15:00'),
(71, '61', 72, '2025', 'March', '06', '1', '2025-03-24', '11:30:00'),
(72, '61', 73, '2025', 'March', '31', '1', '2025-03-24', '11:45:00'),
(73, '61', 74, '2025', 'March', '100', '1', '2025-03-24', '12:00:00'),
(74, '61', 75, '2025', 'March', '41', '1', '2025-03-24', '12:15:00'),
(75, '61', 76, '2025', 'March', '17', '1', '2025-03-24', '12:30:00'),
(76, '61', 77, '2025', 'March', '06', '1', '2025-03-24', '12:45:00'),
(77, '61', 78, '2025', 'March', '53', '1', '2025-03-24', '13:00:00'),
(78, '61', 79, '2025', 'March', '38', '1', '2025-03-24', '13:15:00'),
(79, '61', 80, '2025', 'March', '16', '1', '2025-03-24', '13:45:00'),
(80, '61', 81, '2025', 'March', '24', '1', '2025-03-24', '14:00:00'),
(81, '61', 82, '2025', 'March', '98', '1', '2025-03-24', '14:15:00'),
(82, '61', 83, '2025', 'March', '80', '1', '2025-03-24', '14:30:00'),
(83, '61', 84, '2025', 'March', '10', '1', '2025-03-24', '14:45:00'),
(84, '61', 85, '2025', 'March', '24', '1', '2025-03-24', '15:00:00');

-- --------------------------------------------------------

--
-- Table structure for table `role`
--

CREATE TABLE `role` (
  `id` int(11) NOT NULL,
  `name` text NOT NULL,
  `slug` text NOT NULL,
  `role_access` longtext NOT NULL,
  `status` int(11) NOT NULL,
  `addeddate` datetime NOT NULL,
  `modifieddate` datetime NOT NULL
) ENGINE=InnoDB DEFAULT CHARSET=utf8mb4 COLLATE=utf8mb4_unicode_ci;

--
-- Dumping data for table `role`
--

INSERT INTO `role` (`id`, `name`, `slug`, `role_access`, `status`, `addeddate`, `modifieddate`) VALUES
(8, 'Sub Admin', 'sub-admin', '{\"main_access\":[\"0\",\"1\",\"2\",\"3\",\"11\",\"13\",\"14\"],\"inner_access\":[[\"1\"],[\"1\"],[\"4\"],[\"1\"],[],[],[],[],[],[],[],[\"1\"],[],[\"1\"],[\"1\"]]}', 1, '2024-08-24 17:03:02', '2024-09-20 11:00:44');

-- --------------------------------------------------------

--
-- Table structure for table `site_setting`
--

CREATE TABLE `site_setting` (
  `id` int(11) NOT NULL,
  `logo` text DEFAULT NULL,
  `mobile` varchar(50) DEFAULT NULL,
  `alt_mobile` varchar(50) DEFAULT NULL,
  `email` varchar(100) DEFAULT NULL,
  `alt_email` varchar(100) DEFAULT NULL,
  `address` text DEFAULT NULL,
  `facebook` text DEFAULT NULL,
  `twitter` text DEFAULT NULL,
  `instagram` text DEFAULT NULL,
  `youtube` text DEFAULT NULL,
  `map` text DEFAULT NULL,
  `deposite` text NOT NULL,
  `withdraw` text NOT NULL,
  `game_play` text NOT NULL
) ENGINE=InnoDB DEFAULT CHARSET=utf8mb4 COLLATE=utf8mb4_unicode_ci;

--
-- Dumping data for table `site_setting`
--

INSERT INTO `site_setting` (`id`, `logo`, `mobile`, `alt_mobile`, `email`, `alt_email`, `address`, `facebook`, `twitter`, `instagram`, `youtube`, `map`, `deposite`, `withdraw`, `game_play`) VALUES
(1, '1742621090.png', '9856472360', '9586741023', 'email@gmail.com', 'altemail@gmail.com', 'your address', 'https://www.facebook.com/', 'https://twitter.com/', 'https://www.instagram.com/', 'https://www.youtube.com/', '<iframe src=\"https://www.google.com/maps/embed?pb=!1m18!1m12!1m3!1d30767295.116023116!2d60.946027684017714!3d19.722272265144735!2m3!1f0!2f0!3f0!3m2!1i1024!2i768!4f13.1!3m3!1m2!1s0x30635ff06b92b791%3A0xd78c4fa1854213a6!2sIndia!5e0!3m2!1sen!2sin!4v1713167102172!5m2!1sen!2sin\" width=\"100%\" height=\"450\" style=\"border:0;\" allowfullscreen=\"\" loading=\"lazy\" referrerpolicy=\"no-referrer-when-downgrade\"></iframe>', 'https://www.youtube.com/', 'https://www.youtube.com/', 'https://www.youtube.com/');

-- --------------------------------------------------------

--
-- Table structure for table `slider`
--

CREATE TABLE `slider` (
  `id` int(11) NOT NULL,
  `title` text NOT NULL,
  `sub_title` text NOT NULL,
  `slug` text NOT NULL,
  `image` text NOT NULL,
  `content` text NOT NULL,
  `status` int(11) NOT NULL,
  `addeddate` datetime NOT NULL,
  `modifieddate` datetime NOT NULL
) ENGINE=InnoDB DEFAULT CHARSET=utf8mb4 COLLATE=utf8mb4_general_ci;

--
-- Dumping data for table `slider`
--

INSERT INTO `slider` (`id`, `title`, `sub_title`, `slug`, `image`, `content`, `status`, `addeddate`, `modifieddate`) VALUES
(5, '', '', '', '1737204546.jpg', '', 1, '2024-09-11 11:38:12', '2025-01-18 18:19:06'),
(6, '', '', '', '1737204554.jpg', '', 1, '2024-09-11 11:40:54', '2025-01-18 18:19:14');

-- --------------------------------------------------------

--
-- Table structure for table `slugs`
--

CREATE TABLE `slugs` (
  `id` int(11) NOT NULL,
  `slug` text NOT NULL,
  `table_name` varchar(100) NOT NULL,
  `page_name` varchar(150) NOT NULL,
  `controller_name` varchar(150) NOT NULL,
  `p_id` bigint(20) NOT NULL
) ENGINE=InnoDB DEFAULT CHARSET=utf8mb4 COLLATE=utf8mb4_general_ci;

-- --------------------------------------------------------

--
-- Table structure for table `tbl_admin`
--

CREATE TABLE `tbl_admin` (
  `id` int(11) NOT NULL,
  `type` int(11) NOT NULL COMMENT '1=admin,2=subadmin',
  `role` int(11) NOT NULL,
  `access` text NOT NULL,
  `first_name` text NOT NULL,
  `last_name` text NOT NULL,
  `username` text NOT NULL,
  `password` text NOT NULL,
  `email` varchar(100) NOT NULL,
  `mobile` varchar(15) NOT NULL,
  `address` text NOT NULL,
  `image` text NOT NULL,
  `gender` text NOT NULL,
  `dob` text NOT NULL,
  `martial` text NOT NULL,
  `age` text NOT NULL,
  `country` text NOT NULL,
  `state` text NOT NULL,
  `hash_key` text DEFAULT NULL,
  `hash_expiry` datetime DEFAULT NULL,
  `status` int(11) NOT NULL,
  `addeddate` datetime DEFAULT NULL,
  `modifieddate` datetime DEFAULT NULL
) ENGINE=InnoDB DEFAULT CHARSET=utf8mb4 COLLATE=utf8mb4_unicode_ci;

--
-- Dumping data for table `tbl_admin`
--

INSERT INTO `tbl_admin` (`id`, `type`, `role`, `access`, `first_name`, `last_name`, `username`, `password`, `email`, `mobile`, `address`, `image`, `gender`, `dob`, `martial`, `age`, `country`, `state`, `hash_key`, `hash_expiry`, `status`, `addeddate`, `modifieddate`) VALUES
(1, 1, 0, '', 'Azmal', 'Ansari', 'azmal123', 'azmal123', 'admin@gmail.com', '46546', 'sfsfsdf sdefdsfs fsdf sdf', 'user2.jpg', 'male', '01/01/2022', 'single', '22', 'india', 'elhi', NULL, NULL, 1, NULL, NULL),
(2, 1, 0, '', 'Admin', 'Admin', 'admin', 'admin', 'admin123@gmail.com', '95822980123', 'delhi', '1724412456.png', 'male', '01/01/2022', 'single', '22', 'india', 'delhi', '6ef5a86a72d307d9d2df14306a26534f64236ca1887fb9ba0cff55e6e0a26390', '2024-08-30 13:34:00', 1, NULL, NULL),
(3, 1, 0, '', 'Wolverine', 'logen', 'azmal', 'azmal', 'wolverine@gmail.com', '897989', 'sfsfsdf sdefdsfs fsdf sdf', 'user3.jpg', 'male', '01/01/2022', 'single', '22', 'india', 'delhi', NULL, NULL, 1, NULL, NULL),
(4, 2, 8, '{\"main_access\":[\"0\",\"1\",\"2\"],\"inner_access\":[[\"1\",\"2\",\"3\",\"4\"],[\"1\"],[\"4\"],[]]}', '', '', 'azmal12345', 'azmal12345', '', '', '', '', '', '', '', '', '', '', NULL, NULL, 1, '2024-08-24 17:23:45', '2024-08-24 17:27:51');

-- --------------------------------------------------------

--
-- Table structure for table `users`
--

CREATE TABLE `users` (
  `id` int(11) NOT NULL,
  `user_id` bigint(20) NOT NULL,
  `role` int(10) NOT NULL COMMENT '\r\n1=user',
  `wallet` float NOT NULL,
  `name` varchar(50) NOT NULL,
  `mobile` varchar(15) NOT NULL,
  `email` varchar(100) DEFAULT NULL,
  `password` varchar(20) NOT NULL,
  `profile_image` text NOT NULL,
  `date_time` datetime NOT NULL,
  `status` int(10) NOT NULL
) ENGINE=InnoDB DEFAULT CHARSET=utf8mb4 COLLATE=utf8mb4_general_ci;

--
-- Dumping data for table `users`
--

INSERT INTO `users` (`id`, `user_id`, `role`, `wallet`, `name`, `mobile`, `email`, `password`, `profile_image`, `date_time`, `status`) VALUES
(37, 1000, 1, 62980, 'Logen', '1122334455', 'example@gmail.com', '123456', '173737465137user_profile.png', '2024-11-05 12:43:30', 1),
(40, 1001, 1, 0, 'Deadpool', '123456789', 'azmal@gmail.com', '123456', 'user-profile.png', '2025-01-20 11:12:03', 1);

-- --------------------------------------------------------

--
-- Table structure for table `user_history`
--

CREATE TABLE `user_history` (
  `id` int(11) NOT NULL,
  `type` varchar(50) NOT NULL,
  `add_type` int(11) NOT NULL COMMENT '1=play game, 2=add point, 3=game win amount,4=withdraw request,5=refund',
  `pay_mode` int(11) DEFAULT NULL COMMENT '	1=gpay,2=phone,3=paytm',
  `user_id` bigint(20) NOT NULL,
  `request_id` text NOT NULL,
  `amount` float NOT NULL,
  `balance` float NOT NULL,
  `message` text NOT NULL,
  `date_time` datetime NOT NULL,
  `add_date_time` datetime DEFAULT NULL,
  `status` int(2) DEFAULT NULL
) ENGINE=InnoDB DEFAULT CHARSET=utf8 COLLATE=utf8_unicode_ci;

--
-- Dumping data for table `user_history`
--

INSERT INTO `user_history` (`id`, `type`, `add_type`, `pay_mode`, `user_id`, `request_id`, `amount`, `balance`, `message`, `date_time`, `add_date_time`, `status`) VALUES
(28, 'debit', 1, NULL, 37, '1737614114', 10, 150545, 'Jodi Game Play in SHREE GANESH', '2025-01-23 12:05:14', '2025-01-23 12:05:14', 1),
(29, 'credit', 3, NULL, 37, '1737614166', 950, 151495, 'Game Win in SHREE GANESH (05)', '2025-01-23 12:06:06', '2025-01-23 12:06:06', 1),
(30, 'debit', 1, NULL, 37, '1737614316', 20, 151475, 'Harup Game Play in SHREE GANESH', '2025-01-23 12:08:36', '2025-01-23 12:08:36', 1),
(31, 'credit', 3, NULL, 37, '1737614402', 950, 152425, 'Game Win in SHREE GANESH (05)', '2025-01-23 12:10:02', '2025-01-23 12:10:02', 1),
(32, 'credit', 3, NULL, 37, '1737614402', 950, 153375, 'Game Win in SHREE GANESH Ander (01)', '2025-01-23 12:10:02', '2025-01-23 12:10:02', 1),
(33, 'debit', 4, NULL, 37, '1737616347', 3500, 149875, 'Withdraw Amount', '2025-01-23 12:42:27', '2025-01-23 12:42:27', 1),
(34, 'debit', 4, NULL, 37, '1737616348', 3500, 146375, 'Withdraw Amount', '2025-01-23 12:42:28', '2025-01-23 12:42:28', 1),
(35, 'debit', 4, NULL, 37, '1737616353', 3500, 142875, 'Withdraw Amount', '2025-01-23 12:42:33', '2025-01-23 12:42:33', 1),
(36, 'debit', 4, NULL, 37, '1737616354', 3500, 139375, 'Withdraw Amount', '2025-01-23 12:42:34', '2025-01-23 12:42:34', 1),
(37, 'debit', 4, NULL, 37, '1737616354', 3500, 135875, 'Withdraw Amount', '2025-01-23 12:42:35', '2025-01-23 12:42:35', 1),
(38, 'debit', 4, NULL, 37, '1737616355', 3500, 132375, 'Withdraw Amount', '2025-01-23 12:42:35', '2025-01-23 12:42:35', 1),
(39, 'debit', 4, NULL, 37, '1737616355', 3500, 128875, 'Withdraw Amount', '2025-01-23 12:42:35', '2025-01-23 12:42:35', 1),
(40, 'debit', 4, NULL, 37, '1737616355', 3500, 125375, 'Withdraw Amount', '2025-01-23 12:42:35', '2025-01-23 12:42:35', 1),
(41, 'debit', 4, NULL, 37, '1737616360', 3500, 121875, 'Withdraw Amount', '2025-01-23 12:42:40', '2025-01-23 12:42:40', 1),
(42, 'debit', 4, NULL, 37, '1737616381', 3500, 118375, 'Withdraw Amount', '2025-01-23 12:43:01', '2025-01-23 12:43:01', 1),
(43, 'debit', 4, NULL, 37, '1737616440', 1000, 117375, 'Withdraw Amount', '2025-01-23 12:44:01', '2025-01-23 12:44:01', 1),
(44, 'debit', 4, NULL, 37, '1737617124', 500, 116875, 'Withdraw Amount', '2025-01-23 12:55:24', '2025-01-23 12:55:24', 1),
(45, 'credit', 5, NULL, 37, '1737617124', 500, 117375, 'Withdraw Amount Refund', '2025-01-23 12:55:33', '2025-01-23 12:55:33', 1),
(46, 'debit', 4, NULL, 37, '1737617168', 3500, 113875, 'Withdraw Amount', '2025-01-23 12:56:08', '2025-01-23 12:56:08', 1),
(47, 'debit', 1, NULL, 37, '1737631077', 10, 113865, 'Copy Paste Game Play in GAZIABAD', '2025-01-23 16:47:57', '2025-01-23 16:47:57', 1),
(48, 'debit', 1, NULL, 37, '1737631115', 20, 113845, 'Copy Paste Game Play in GAZIABAD', '2025-01-23 16:48:35', '2025-01-23 16:48:35', 1),
(49, 'debit', 1, NULL, 37, '1737631170', 45, 113800, 'Copy Paste Game Play in GAZIABAD', '2025-01-23 16:49:30', '2025-01-23 16:49:30', 1),
(50, 'debit', 1, NULL, 41, '1737632144', 10, 40, 'Jodi Game Play in FARIDABAD', '2025-01-23 17:05:44', '2025-01-23 17:05:44', 1),
(51, 'debit', 1, NULL, 37, '1737633062', 30, 113770, 'Jodi Game Play in SHREE GANESH', '2025-01-23 17:21:02', '2025-01-23 17:21:02', 1),
(52, 'debit', 1, NULL, 37, '1737634147', 20, 113750, 'Jodi Game Play in SHREE GANESH', '2025-01-23 17:39:07', '2025-01-23 17:39:07', 1),
(53, 'debit', 1, NULL, 37, '1737700070', 1200, 112550, 'Number to Number Game Play in SHREE GANESH', '2025-01-24 11:57:50', '2025-01-24 11:57:50', 1),
(54, 'debit', 1, NULL, 37, '1737708619', 30, 112520, 'Harup Game Play in DISAWAR', '2025-01-24 14:20:19', '2025-01-24 14:20:19', 1),
(55, 'debit', 1, NULL, 37, '1737708636', 10, 112510, 'Jodi Game Play in DISAWAR', '2025-01-24 14:20:36', '2025-01-24 14:20:36', 1),
(56, 'debit', 1, NULL, 37, '1737709689', 20, 112490, 'Harup Game Play in SHREE GANESH', '2025-01-24 14:38:09', '2025-01-24 14:38:09', 1),
(57, 'debit', 1, NULL, 37, '1737710767', 10, 112480, 'Jodi Game Play in SHREE GANESH', '2025-01-24 14:56:07', '2025-01-24 14:56:07', 1),
(58, 'debit', 1, NULL, 37, '1737713449', 50000, 62480, 'Jodi Game Play in GALI', '2025-01-24 15:40:49', '2025-01-24 15:40:49', 1),
(59, 'credit', 2, NULL, 37, '1737709251', 500, 62980, 'Add Point', '2025-01-24 15:51:36', '2025-01-24 15:51:36', 1);

-- --------------------------------------------------------

--
-- Table structure for table `user_temp_register`
--

CREATE TABLE `user_temp_register` (
  `id` int(11) NOT NULL,
  `role` int(11) NOT NULL,
  `otp` varchar(10) NOT NULL,
  `image` text NOT NULL,
  `name` varchar(50) NOT NULL,
  `email` varchar(20) NOT NULL,
  `mobile` varchar(12) NOT NULL,
  `password` text NOT NULL,
  `state` text NOT NULL,
  `city` varchar(20) NOT NULL,
  `pincode` varchar(20) NOT NULL,
  `gender` text NOT NULL,
  `status` int(11) NOT NULL COMMENT '0=pending\r\n1=ok\r\n2=reject',
  `ip_address` text NOT NULL,
  `addeddate` datetime NOT NULL
) ENGINE=InnoDB DEFAULT CHARSET=utf8mb4 COLLATE=utf8mb4_unicode_ci;

--
-- Indexes for dumped tables
--

--
-- Indexes for table `all_times`
--
ALTER TABLE `all_times`
  ADD PRIMARY KEY (`id`);

--
-- Indexes for table `contact`
--
ALTER TABLE `contact`
  ADD PRIMARY KEY (`id`);

--
-- Indexes for table `content`
--
ALTER TABLE `content`
  ADD PRIMARY KEY (`id`);

--
-- Indexes for table `game`
--
ALTER TABLE `game`
  ADD PRIMARY KEY (`id`);

--
-- Indexes for table `game_times`
--
ALTER TABLE `game_times`
  ADD PRIMARY KEY (`id`);

--
-- Indexes for table `login_details`
--
ALTER TABLE `login_details`
  ADD PRIMARY KEY (`id`);

--
-- Indexes for table `login_history`
--
ALTER TABLE `login_history`
  ADD PRIMARY KEY (`id`);

--
-- Indexes for table `meta_tags`
--
ALTER TABLE `meta_tags`
  ADD PRIMARY KEY (`id`);

--
-- Indexes for table `number`
--
ALTER TABLE `number`
  ADD PRIMARY KEY (`id`);

--
-- Indexes for table `role`
--
ALTER TABLE `role`
  ADD PRIMARY KEY (`id`);

--
-- Indexes for table `site_setting`
--
ALTER TABLE `site_setting`
  ADD PRIMARY KEY (`id`);

--
-- Indexes for table `slider`
--
ALTER TABLE `slider`
  ADD PRIMARY KEY (`id`);

--
-- Indexes for table `slugs`
--
ALTER TABLE `slugs`
  ADD PRIMARY KEY (`id`);

--
-- Indexes for table `tbl_admin`
--
ALTER TABLE `tbl_admin`
  ADD PRIMARY KEY (`id`);

--
-- Indexes for table `users`
--
ALTER TABLE `users`
  ADD PRIMARY KEY (`id`);

--
-- Indexes for table `user_history`
--
ALTER TABLE `user_history`
  ADD PRIMARY KEY (`id`);

--
-- Indexes for table `user_temp_register`
--
ALTER TABLE `user_temp_register`
  ADD PRIMARY KEY (`id`);

--
-- AUTO_INCREMENT for dumped tables
--

--
-- AUTO_INCREMENT for table `all_times`
--
ALTER TABLE `all_times`
  MODIFY `id` int(11) NOT NULL AUTO_INCREMENT, AUTO_INCREMENT=179;

--
-- AUTO_INCREMENT for table `contact`
--
ALTER TABLE `contact`
  MODIFY `id` int(11) NOT NULL AUTO_INCREMENT, AUTO_INCREMENT=5;

--
-- AUTO_INCREMENT for table `content`
--
ALTER TABLE `content`
  MODIFY `id` int(11) NOT NULL AUTO_INCREMENT, AUTO_INCREMENT=9;

--
-- AUTO_INCREMENT for table `game`
--
ALTER TABLE `game`
  MODIFY `id` int(255) NOT NULL AUTO_INCREMENT, AUTO_INCREMENT=67;

--
-- AUTO_INCREMENT for table `game_times`
--
ALTER TABLE `game_times`
  MODIFY `id` int(11) NOT NULL AUTO_INCREMENT, AUTO_INCREMENT=89;

--
-- AUTO_INCREMENT for table `login_details`
--
ALTER TABLE `login_details`
  MODIFY `id` int(11) NOT NULL AUTO_INCREMENT, AUTO_INCREMENT=45;

--
-- AUTO_INCREMENT for table `login_history`
--
ALTER TABLE `login_history`
  MODIFY `id` int(11) NOT NULL AUTO_INCREMENT, AUTO_INCREMENT=112;

--
-- AUTO_INCREMENT for table `meta_tags`
--
ALTER TABLE `meta_tags`
  MODIFY `id` int(11) NOT NULL AUTO_INCREMENT, AUTO_INCREMENT=87;

--
-- AUTO_INCREMENT for table `number`
--
ALTER TABLE `number`
  MODIFY `id` int(255) NOT NULL AUTO_INCREMENT, AUTO_INCREMENT=85;

--
-- AUTO_INCREMENT for table `role`
--
ALTER TABLE `role`
  MODIFY `id` int(11) NOT NULL AUTO_INCREMENT, AUTO_INCREMENT=9;

--
-- AUTO_INCREMENT for table `site_setting`
--
ALTER TABLE `site_setting`
  MODIFY `id` int(11) NOT NULL AUTO_INCREMENT, AUTO_INCREMENT=2;

--
-- AUTO_INCREMENT for table `slider`
--
ALTER TABLE `slider`
  MODIFY `id` int(11) NOT NULL AUTO_INCREMENT, AUTO_INCREMENT=8;

--
-- AUTO_INCREMENT for table `slugs`
--
ALTER TABLE `slugs`
  MODIFY `id` int(11) NOT NULL AUTO_INCREMENT, AUTO_INCREMENT=368;

--
-- AUTO_INCREMENT for table `tbl_admin`
--
ALTER TABLE `tbl_admin`
  MODIFY `id` int(11) NOT NULL AUTO_INCREMENT, AUTO_INCREMENT=5;

--
-- AUTO_INCREMENT for table `users`
--
ALTER TABLE `users`
  MODIFY `id` int(11) NOT NULL AUTO_INCREMENT, AUTO_INCREMENT=42;

--
-- AUTO_INCREMENT for table `user_history`
--
ALTER TABLE `user_history`
  MODIFY `id` int(11) NOT NULL AUTO_INCREMENT, AUTO_INCREMENT=60;

--
-- AUTO_INCREMENT for table `user_temp_register`
--
ALTER TABLE `user_temp_register`
  MODIFY `id` int(11) NOT NULL AUTO_INCREMENT, AUTO_INCREMENT=3;
COMMIT;

/*!40101 SET CHARACTER_SET_CLIENT=@OLD_CHARACTER_SET_CLIENT */;
/*!40101 SET CHARACTER_SET_RESULTS=@OLD_CHARACTER_SET_RESULTS */;
/*!40101 SET COLLATION_CONNECTION=@OLD_COLLATION_CONNECTION */;
